product,code
VSPY-3-ENT,8523492020
VSPY-ENT-UP,8523492020
VSPY-3-PRO,8523492020
VSPY-PRO-UP,8523492020
VSPY-3-BASIC,8523492020
VSPY-BASIC-UP,8523492020
VS3-EXE,8523492020
VS3-EXE-UP,8523492020
VSPY-BASIC-PRO-UPGRADE,8523492020
WIRELESS-NEOVI,8523492020
VSPY-BASIC-ENT-UPGRADE,8523492020
VSPY-PRO-ENT-UPGRADE,8523492020
WAVEBPS-SFT,8523492020
WAVEBPS-BASE,8523492020
WAVEBPS-PRO,8523492020
Embedded Spy,8523492020
RAD-MOON,9031808070
RSM-1,9031808070
NEOVI-FIRE2,9031808070
VCAN4-2A,9031808070
VCAN4-2ELA-MULTI,9031808070
VCAN4-2ELA-DB26,9031808070
VCAN4-2ELA-OBD,9031808070
VCAN4-4A-4XDB9,9031808070
VCAN4-4A-DB26,9031808070
VCAN4-4A-OBD,9031808070
BR-CABLE-1-MINI50,8544429090
MATENET-CABLE-1,8544429090
FIRE2-VNET-BREAKOUT,8544110030
FIRE2-DB25-DB9-RJ45-CABLE,8544110030
FIRE2-OBD-DOIP,8544110030
NEOVI-OBD-MULTI,8544110030
GM-FIRE2-CABLE,8544110030
VCAN3-OBD,8544110030
J1939-CABLE,8544110030
NEOVI-FIRE,9031808070
NEOVI-RED,9031808070
NEOVI-OBD-1,8544110030
NEOVI-BOB,9031808070
NEOVI-OBD-CAN-1,8544110030
LINESPY-1,9031808070
NEOVI-FIRE2,9031808070
NEOVI-OBD-1,8544110030
FIRE2-OBD-DOIP,8544110030
GM-FIRE2-CABLE,8544110030
NEOVI-OBD-MULTI,8544110030
NEOVI-OBD-MULTI-RIGHT,8544110030
J1939-FIRE-CABLE,8544110030
VCAN-DW3,9031808070
J1939-CABLE,8544110030
VCAN3-OBD,8544110030
VCAN3-Y-DB9,8536700000
VCAN4-1A,9031808070
VCAN4-1C,9031808070
VCAN4-2A,9031808070
VCAN4-2C,9031808070
VCAN4-2A-J2534-KIT,9031808070
VCAN4-2C-J2534-KIT,9031808070
VCAN4-2A-J1939-KIT,9031808070
VCAN4-2C-J1939-KIT,9031808070
J1939-CABLE,8544110030
VCAN3-OBD,8544110030
VCAN3-Y-DB9,8536700000
VCAN4-2ELA-MULTI,9031808070
VCAN4-2ELA-DB26,9031808070
VCAN4-2ELA-OBD,9031808070
VCAN4-2ELC-MULTI,9031808070
VCAN4-2ELC-DB26,9031808070
VCAN4-2ELC-OBD,9031808070
VCAN4-4A-4XDB9,9031808070
VCAN4-4A-DB26,9031808070
VCAN4-4A-OBD,9031808070
VCAN4-4C-4XDB9,9031808070
VCAN4-4C-DB26,9031808070
VCAN4-4C-OBD,9031808070
NEOVI-PLASMA,9031808070
NEOVI-ION,9031808070
FIRE2-VNET,9031808070
AIN-VNET,9031808070
FLEXRAY-VNET,9031808070
VNET-UPG-FIRE-FIRE2,9031808070
NEOVI-MIC2,9031808070
AXIS-P1214-E,9007100000
AIN-VNET-BOB,9007100000
CGI-TX-FIRE,8523492020
NEOVI-UPG-RED-FIRE,9031808070
NEOVI-UPG-RED-FIRE2,9031808070
NEOVI-UPG-FIRE-FIRE2,9031808070
LGGR-PKG-UPG,9031808070
RAD-MOON,9031808070
RAD-STAR2,9031808070
RS2-VSPY-ENT,9031808070
RAD-GALAXY-HW,9031808070
RG-VSPY-ENT,9031808070
RAD-JUPITER,9031808070
RAD-GIGALOG,9031808070
RAD-GIGALOG-2TB,9031808070
RAD-GIGALOG-3TB,9031808070
RAD-GIGALOG-6TB,9031808070
CAT5E-1,8544421000
BR-CABLE-1-MINI50,8544429090
MATENET-CABLE-1,8544429090
OBD2-Y-SPLIT,8544110030
NEOVI-OBD-1,8544110030
NEOVI-OBD-CAN-1,8544110030
FIRE2-OBD-DOIP,8544110030
GM-FIRE2-CABLE,8544110030
NEOVI-OBD-MULTI,8544110030
NEOVI-OBD-MULTI-RIGHT,8544110030
J1939-FIRE-CABLE,8544110030
GA-CGM3,8544110030
J1939-CABLE,8544110030
VCAN3-OBD,8544110030
VCAN3-Y-DB9,8536700000
USB-CABLE,8544110030
USB3-USBC-CABLE,8544110030
VNET-LINK,8544110030
CAT5E-1,8544421000
BR-CABLE-1-MINI50,8544429090
RSTAR-FP-CABLE,8544110030
MICROUSB-USB-CABLE,8544110030
MINIUSB-USB-CABLE,8544110030
MINIUSB-USB-PWR-CABLE,8544110030
VNET-DB25-DB9-CABLE,8544110030
FIRE2-DB25-DB9-RJ45-CABLE,8544110030
FIRE2-UDB9-DB9-CABLE,8544110030
FIRE2-VNET-BREAKOUT,8544110030
RG-DB26-DB9-BREAKOUT,8544110030
GALAXY-BR-DB9-CABLE,8544429090
GALAXY-BR-DB9-CABLE,8544429090
RM-BR-DB9M-CABLE,8544429090
RS2-BR-DB9M-CABLE,8544429090
RS2-BR-MINI50-CABLE,8544429090
neoVI-MOTE,9031808070
LINESPY-1,9031808070
NEOVI-MIC2,9031808070
VIVD-CAN,9031808070
VIVD-CAN,9031808070
neoRADIO,9031808070
RAD-IO2-TC,9031808070
RAD-IO2-AIN,9031808070
RAD-IO2-AOUT,9031808070
RAD-IO2-DIO,9031808070
RAD-IO2-PWRRLY,9031808070
RAD-IO2-CANFD-HUB,9031808070
ETHERNET-EVB,9031808070
neoVI-PS,8504.40.6001
neoECU-20,9031808070
neoECU-10-HHL+,9031808070
neoECU-10-HLSL,9031808070
neoECU-12,9031808070
IVNT-03,9031808070
neoVI-PS,9031808070
NEO-16GB-MICR,8542320023
NEO-32GB-MICR,8542320023
NEO-64GB-MICR,8542320023
NEO-128GB-MICR,8542320023
FIRE-LOGGER-PKG,9031808070
RED-VSPY-BASIC,9031808070
VCAN4-2A-VSPY-BASIC,9031808070
VCAN4-2C-VSPY-BASIC,9031808070
